Question,A,B,C,D,Answer
A train running at the speed of 60 km/hr crosses a pole in 9 seconds. What is the length of the train?,120 metres,180 metres,324 metres,150 metres,D
"A train 125 m long passes a man, running at 5 km/hr in the same direction in which the train is going, in 10 seconds. The speed of the train is:",45 km/hr,50 km/hr,54 km/hr,55 km/hr,B
"The length of the bridge, which a train 130 metres long and travelling at 45 km/hr can cross in 30 seconds, is:",200 m,225 m,245 m,250 m,C
"
Two trains running in opposite directions cross a man standing on the platform in 27 seconds and 17 seconds respectively and they cross each other in 23 seconds. The ratio of their speeds is:
",1 : 3,3 : 2,3 : 4,None of these,B
"A train passes a station platform in 36 seconds and a man standing on the platform in 20 seconds. If the speed of the train is 54 km/hr, what is the length of the platform?
",120 m,240 m,300 m,None of these,B
"
",2,4,6,8,B
"
 ",.0025,.0256,.00027,.000126,C
"
    ",0.86,0.95,0.97,1.06,A
Evaluate :,0.0125,0.125,0.25,0.5,B
"
    ",0.172,1.72,17.2,172,C
"If one-third of one-fourth of a number is 15, then three-tenth of that number is:",35,36,45,54,D
Three times the first of three consecutive odd integers is 3 more than twice the third. The third integer is:,9,11,13,15,D
The difference between a two-digit number and the number obtained by interchanging the positions of its digits is 36. What is the difference between the two digits of that number?,3,4,9,Cannot be determined,B
"
The difference between a two-digit number and the number obtained by interchanging the digits is 36. What is the difference between the sum and the difference of the digits of the number if the ratio between the digits of the number is 1 : 2 ?
",None of these,4,8,16,B
"
A two-digit number is such that the product of the digits is 8. When 18 is added to the number, then the digits are reversed. The number is:
",None of these,18,24,42,B
"
Three pipes A, B and C can fill a tank from empty to full in 30 minutes, 20 minutes, and 10 minutes respectively. When the tank is empty, all the three pipes are opened. A, B and C discharge chemical solutions P,Q and R respectively. What is the proportion of the solution R in the liquid in the tank after 3 minutes?
","
","
","
","
",B
"
Pipes A and B can fill a tank in 5 and 6 hours respectively. Pipe C can empty it in 12 hours. If all the three pipes are opened together, then the tank will be filled in:
","
","
","
","
",C
"A pump can fill a tank with water in 2 hours. Because of a leak, it took 2","
","
","
","
",D
 hours to fill the tank. The leak can drain all the water of the tank in:,"
","
","
","
",B
"
Two pipes A and B can fill a cistern in 37",7 hours,8 hours,14 hours,5 min.,C
"A vessel is filled with liquid, 3 parts of which are water and 5 parts syrup. How much of the mixture must be drawn off and replaced with water so that the mixture may be half water and half syrup?",Rs. 169.50,Rs. 170,Rs. 175.50,Rs. 180,C
"Tea worth Rs. 126 per kg and Rs. 135 per kg are mixed with a third variety in the ratio 1 : 1 : 2. If the mixture is worth Rs. 153 per kg, the price of the third variety per kg will be:",10,20,21,25,C
"A can contains a mixture of two liquids A and B is the ratio 7 : 5. When 9 litres of mixture are drawn off and the can is filled with B, the ratio of A and B becomes 7 : 9. How many litres of liquid A was contained by the can initially?","4 litres, 8 litres","6 litres, 6 litres","5 litres, 7 litres","7 litres, 5 litres",C
"A milk vendor has 2 cans of milk. The first contains 25% water and the rest milk. The second contains 50% water. How much milk should he mix from each of the containers so as to get 12 litres of milk such that the ratio of water to milk is 3 : 5?
",3 : 7,5 : 7,7 : 3,7 : 5,B
"
In a 100 m race, A can give B 10 m and C 28 m. In the same race B can give C:
",18 m,20 m,27 m,9 m,B
"
A and B take part in 100 m race. A runs at 5 kmph. A gives B a start of 8 m and still beats him by 8 seconds. The speed of B is:
",5.15 kmph,4.14 kmph,4.25 kmph,4.4 kmph,B
"
In a 500 m race, the ratio of the speeds of two contestants A and B is 3 : 4. A has a start of 140 m. Then, A wins by:
",60 m,40 m,20 m,10 m,C
"
In a 100 m race, A beats B by 10 m and C by 13 m. In a race of 180 m, B will beat C by:
",5.4 m,4.5 m,5 m,6 m,D
"
At a game of billiards, A can give B 15 points in 60 and A can give C to 20 points in 60. How many points can B give C in a game of 90?
",30 points,20 points,10 points,12 points,C
"
The cube root of .000216 is:
",.6,.06,77,87,B
"
",12,14,144,196,A
"
 ",213444,214344,214434,231444,A
"
    ",1.05,1.25,1.45,1.55,B
What should come in place of both ,13.41,20.46,21.66,22.35,D
"
A and B together have Rs. 1210. If ",Rs. 460,Rs. 484,Rs. 550,Rs. 664,B
 of A's amount is equal to ,2 : 5,3 : 5,4 : 5,6 : 7,C
" of B's amount, how much amount does B have?
",Rs. 500,Rs. 1500,Rs. 2000,None of these,C
"Two numbers are respectively 20% and 50% more than a third number. The ratio of the two numbers is:
",2 : 3 : 4,6 : 7 : 8,6 : 8 : 9,None of these,A
"
A sum of money is to be distributed among A, B, C, D in the proportion of  5 : 2 : 4 : 3. If C gets Rs. 1000 more than D, what is B's share?
",20 litres,30 litres,40 litres,60 litres,D
"
From a group of 7 men and 6 women, five persons are to be selected to form a committee so that at least 3 men are there on the committee. In how many ways can it be done?
",564,645,735,756,D
In how many different ways can the letters of the word 'LEADING' be arranged in such a way that the vowels always come together?,None of these,360,480,720,C
In how many different ways can the letters of the word 'CORPORATION' be arranged so that the vowels always come together?,5040,None of these,810,1440,D
"Out of 7 consonants and 4 vowels, how many words of 3 consonants and 2 vowels can be formed?",2880,50400,5760,210,C
In how many ways can the letters of the word 'LEADER' be arranged?,1050,25200,21400,None of these,C
"Tickets numbered 1 to 20 are mixed up and then a ticket is drawn at random. What is the probability that the ticket drawn has a number which is a multiple of 3 or 5?
","
","
","
","
",D
"
A bag contains 2 red, 3 green and 2 blue balls. Two balls are drawn at random. What is the probability that none of the balls drawn is blue?
","
","
","
","
",A
"
In a box, there are 8 red, 7 blue and 6 green balls. One ball is picked up randomly. What is the probability that it is neither red nor green?
","
","
","
","
",A
What is the probability of getting a sum 9 from two throws of a dice?,"
","
","
","
",C
"
The banker's discount on a bill due 4 months hence at 15% is Rs. 420. The true discount is:
",Rs. 400,Rs. 360,Rs. 480,Rs. 320,A
"
The banker's discount on Rs. 1600 at 15% per annum is the same as true discount on Rs. 1680 for the same time and at the same rate. The time is:
",3 months,4 months,6 months,8 months,B
"
The banker's gain of a certain sum due 2 years hence at 10% per annum is Rs. 24. The present worth is:
",Rs. 480,Rs. 520,Rs. 600,Rs. 960,C
"
The banker's discount on a sum of money for 1",10%,13%,12%,15%,C
" years is Rs. 558 and the true discount on the same sum for 2 years is Rs. 600. The rate percent is:
",Rs. 960,Rs. 840,Rs. 1020,Rs. 760,C
"
The ratio between the length and the breadth of a rectangular park is 3 : 2. If a man cycling along the boundary of the park at the speed of 12 km/hr completes one round in 8 minutes, then the area of the park (in sq. m) is:
",15360,153600,30720,307200,B
"
An error 2% in excess is made while measuring the side of a square. The percentage of error in the calculated area of the square is:
",2%,2.02%,4%,4.04%,D
"
The ratio between the perimeter and the breadth of a rectangle is 5 : 1. If the area of the rectangle is 216 sq. cm, what is the length of the rectangle?
",16 cm,18 cm,24 cm,Data inadequate,B
"The percentage increase in the area of a rectangle, if each of its sides is increased by 20% is:",None of these,40%,42%,44%,C
"A rectangular park 60 m long and 40 m wide has two concrete crossroads running in the middle of the park and rest of the park has been used as a lawn. If the area of the lawn is 2109 sq. m, then what is the width of the road?",46%,2.91 m,3 m,5.82 m,B
An accurate clock shows 8 o'clock in the morning. Through how may degrees will the hour hand rotate when the clock shows 2 o'clock in the afternoon?,144°,150°,168°,180°,D
The reflex angle between the hands of a clock at 10.25 is:,180°,195°,145°,150°,D
"A clock is started at noon. By 10 minutes past 5, the hour hand has turned through:",155°,160°,"
","
",C
"
Father is aged three times more than his son Ronit. After 8 years, he would be two and a half times of Ronit's age. After further 8 years,  how many times would he be of Ronit's age?
",2 times,"
","
","
",A
"
The sum of ages of 5 children born at the intervals of 3 years each is 50 years. What is the age of the youngest child?
","
",3 times,4 years,8 years,A
"
A father said to his son, ""I was as old as you are at the present at the time of your birth"". If the father's age is 38 years now, the son's age five years back was:
",10 years,None of these,14 years,19 years,A
"A is two years older than B who is twice as old as C. If the total of the ages of A, B and C be 27, then how old is B?",33 years,38 years,7,8,D
"Present ages of Sameer and Anand are in the ratio of 5 : 4 respectively. Three years hence, the ratio of their ages will become 11 : 9 respectively. What is Anand's present age in years?",9,10,11,24,A
"A can do a work in 15 days and B in 20 days. If they work on it together for 4 days, then the fraction of the work that is left is :","
    ","
    ","
    ","
    ",D
"A can lay railway track between two given stations in 16 days and B can do the same job in 12 days. With help of C, they did the job in 4 days only. Then, C alone can do the job in:","
    ","
    ","
    ",10,C
"
A, B and C can do a piece of work in 20, 30 and 60 days respectively. In how many days can A do the work if he is assisted by B and C on every third day?
",12 days,15 days,16 days,18 days,B
"A is thrice as good as workman as B and therefore is able to finish a job in 60 days less than B. Working together, they can do it in:
",20 days,"
",25 days,30 days,B
"
A watch which gains 5 seconds in 3 minutes was set right at 7 a.m. In the afternoon of the same day, when the watch indicated quarter past 4 o'clock, the true time is:
",4 p.m.,"
","
","
",B
A person crosses a 600 m long street in 5 minutes. What is his speed in km per hour?,3.6,7.2,8.4,10,B
An aeroplane covers a certain distance at a speed of 240 kmph in 5 hours. To cover the same distance in 1,300 kmph,360 kmph,600 kmph,720 kmph,D
" hours, it must travel at a speed of:",50 km,56 km,70 km,80 km,A
"
A alone can do a piece of work in 6 days and B alone in 8 days. A and B undertook to do it for Rs. 3200. With the help of C, they completed the work in 3 days. How much is to be paid to C?
",Rs. 375,Rs. 400,Rs. 600,Rs. 800,B
"
If a person walks at 14 km/hr instead of 10 km/hr, he would have walked 20 km more. The actual distance travelled by him is:
",100 kmph,110 kmph,120 kmph,130 kmph,C
"
A train can travel 50% faster than a car. Both start from point A at the same time and reach point B 75 kms away from A at the same time. On the way, however, the train lost about 12.5 minutes while stopping at the stations. The speed of the car is:
",9,10,12,20,B
"
A and B invest in a business in the ratio 3 : 2. If 5% of the total profit goes to charity and A's share is Rs. 855, the total profit is:
",Rs. 1425,Rs. 1500,Rs. 1537.50,Rs. 1576,B
"
A, B and C jointly thought of engaging themselves in a business venture. It was agreed that A would invest Rs. 6500 for 6 months, B, Rs. 8400 for 5 months and C, Rs. 10,000 for 3 months. A wants to be the working member for which, he was to receive 5% of the profits. The profit earned was Rs. 7400. Calculate the share of B in the profit.
",Rs. 1900,Rs. 2660,Rs. 2800,Rs. 2840,B
"
A, B and C enter into a partnership in the ratio ",Rs. 2100,Rs. 2400,Rs. 3600,Rs. 4000,D
 : ,Rs. 8400,"Rs. 11,900","Rs. 13,600","Rs. 14,700",D
A bank offers 5% compound interest calculated on half-yearly basis. A customer deposits Rs. 1600 each on 1,Rs. 120,Rs. 121,Rs. 122,Rs. 123,B
st,625,630,640,650,A
 January and 1,Rs. 2160,Rs. 3120,Rs. 3972,Rs. 6240,C
st,None of these,Rs. 2.04,Rs. 3.06,Rs. 4.80,A
" July of a year. At the end of the year, the amount he would have gained by way of interest is:
",Rs. 8.30,2,"
","
",A
"Two, trains, one from Howrah to Patna and the other from Patna to Howrah, start simultaneously. After they meet, the trains reach their destinations after 9 hours and 16 hours respectively. The ratio of their speeds is:",2 : 3,4 : 3,6 : 7,9 : 16,B
"
The correct expression of 6.","
","
","
","
",D
46,"
","
","
","
",C
" in the fractional form is:
",.01027,.10127,101.00027,101.000027,A
"
",0.8,1.45,2.40,3.25,C
"
 ",1.009,10.09,100.9,None of these,D
 : ,5 : 7 : 8,20 : 49 : 64,38 : 28 : 21,None of these,B
"The product of two numbers is 9375 and the quotient, when the larger one is divided by the smaller, is 15. The sum of the numbers is:
",380,395,400,425,C
"
The product of two numbers is 120 and the sum of their squares is 289. The sum of the number is:
",20,23,169,None of these,B
"
A number consists of 3 digits whose sum is 10. The middle digit is equal to the sum of the other two and the number will be increased by 99 if its digits are reversed. The number is:
",145,253,370,352,B
"
The sum of two number is 25 and their difference is 13. Find their product.
",104,114,315,325,B
"
What is the sum of two consecutive even numbers, the difference of whose squares is 84?
",34,38,42,46,C
"
The sum of the digits of a two-digit number is 15 and the difference between the digits is 3. What is the two-digit number?
",69,78,96,Cannot be determined,D
"
34.95 + 240.016 + 23.98 = ?
",298.0946,298.111,298.946,299.09,C
"
","
","
","
","
",C
"
 ","
","
","
","
",C
"
     ","
","
","
","
",C
Which of the following fractions is greater than,"
","
",None of these,6.2963,B
"
0.04 x 0.0162 is equal to:
",6.48 x 10,6.48 x 10,6.48 x 10,6.48 x 10,B
"
 ",0.5,1.0,20,22,B
"
    ",0.0144,1.44,14.4,144,A
4.2 x 4.2 - 1.9 x 1.9,2010,2011,2012,2013,B
"
    ","
","
","
","
",D
"The sum of the squares of three numbers is 138, while the sum of their products taken two at a time is 131. Their sum is:",None of these,20,30,40,A
"A number consists of two digits. If the digits interchange places and the new number is added to the original number, then the resulting number will be divisible by:",None of these,3,5,9,D
"
In a two-digit, if it is known that its unit's digit exceeds its ten's digit by 2 and that the product of the given number and the sum of its digits is equal to 144, then the number is:
",11,24,26,42,A
"
Find a positive number which when increased by 17 is equal to 60 times the reciprocal of the number.
",46,3,10,17,A
"
When 0.232323..... is converted into a fraction, then the result is:
","
","
","
","
",C
"
 ","
","
 ","
","
",C
"
 ",.0009,.09,.9,9,C
"
     ",0.02,0.2,0.04,0.4,D
.009,2,2.40,2.43,2.50,D
Two trains are running at 40 km/hr and 20 km/hr respectively in the same direction. Fast train completely passes a man sitting in the slower train in 5 seconds. What is the length of the fast train?,23 m,29 m,45 m,50 m,C
"A train overtakes two persons who are walking in the same direction in which the train is going, at the rate of 2 kmph and 4 kmph and passes them completely in 9 and 10 seconds respectively. The length of the train is:",54 m,72 m,66 km/hr,72 km/hr,B
A train overtakes two persons walking along a railway track. The first one walks at 4.5 km/hr. The other one walks at 5.4 km/hr. The train needs 8.4 and 8.5 seconds respectively to overtake them. What is the speed of the train if both the persons are walking in the same direction as the train?,78 km/hr,81 km/hr,400 m,450 m,D
"A train travelling at 48 kmph completely crosses another train having half its length and travelling in opposite direction at 42 kmph, in 12 seconds. It also passes a railway platform in 45 seconds. The length of the platform is",560 m,600 m,9 a.m.,10 a.m.,A
"
In a 300 m race A beats B by 22.5 m  or 6 seconds. B's time over the course is:
",86 sec,80 sec,76 sec,None of these,B
"
A runs 1",200 m,300 m,270 m,160 m,A
" times as fast as B. If A gives B a start of 80 m, how far must the winning post be so that A and B might reach it at the same time?
",21 m,26 m,28 m,29 m,C
"
Which of the following is equal to 3.14 x 10",314,3140,3140000,None of these,C
6,0.2,1 ÷ 0.2,0.,(0.2),D
"  ?
",0.4,1.2,1.4,4,D
The least among the following is:,5,6,7,None of these,B
"
    ",62.965,629.6357,None of these,0.006,B
"The salaries A, B, C are in the ratio 2 : 3 : 5. If the increments of 15%, 10% and 20% are allowed respectively in their salaries, then what will be new ratio of their salaries?
",3 : 3 : 10,10 : 11 : 20,23 : 33 : 60,Cannot be determined,C
"
If 40% of a number is equal  to two-third of another number, what is the ratio of first number to the second number?
",2 : 5,3 : 7,5 : 3,7 : 3,C
"The fourth proportional to 5, 8, 15 is:
",18,24,19,20,B
"
The ratio of the number of boys and girls in a college is 7 : 8. If the percentage increase in the number of boys and girls be 20% and 10% respectively, what will be the new ratio?
",8 : 9,17 : 18,21 : 22,Cannot be determined,C
"
 ",5,6,8,11,A
"
    ",10,100,1000,None of these,B
"
    
    ","
","
","
","
",C
625,"
","
",None of these,1,D
"
    ",2,3,None of these,253,A
"
",0.1039,0.2078,1.1039,2.1039,C
If ,10,13,14,15,C
a,57,67,77,87,C
" = 0.1039, then the value of ",2,4,5.59,7.826,B
"
How many times are the hands of a clock at right angle in a day?
",22,24,44,48,C
"The angle between the minute hand and the hour hand of a clock when the time is 8.30, is:",80°,75°,60°,105°,B
"
At what time, in minutes, between 3 o'clock and 4 o'clock, both the needles will coincide each other?
","
","
","
","
",D
"How many times do the hands of a clock coincide in a day?
","
","
","
","
",C
"
How many times in a day, the hands of a clock are straight?
",20,21,22,24,C
"
A watch which gains uniformly is 2 minutes low at noon on Monday and is 4 min. 48 sec fast at 2 p.m. on the following Monday. When was it correct?
",22,24,44,48,B
"
Two number are in the ratio 3 : 5. If 9 is subtracted from each, the new numbers are in the ratio 12 : 23. The smaller number is:
",27,33,49,55,B
"
In a bag, there are coins of 25 p, 10 p and 5 p in the ratio of 1 : 2 : 3. If there is Rs. 30 in all, how many 5 p coins are there?
",50,100,150,200,C
"
The present worth of a sum due sometime hence is Rs. 576 and the banker's gain is Rs. 16. The true discount is:
",Rs. 36,Rs. 72,Rs. 48,Rs. 96,D
"
The true discount on a bill of Rs. 540 is Rs. 90. The banker's discount is:
",Rs. 60,Rs. 108,Rs. 110,Rs. 112,B
"
",11%,10%,5%,5.5%,C
"
The banker's discount of a certain sum of money is Rs. 72 and the true discount on the same sum for the same time is Rs. 60. The sum due is:
",Rs. 360,Rs. 432,Rs. 540,Rs. 1080,A
"Salaries of Ravi and Sumit are in the ratio 2 : 3. If the salary of each is increased by Rs. 4000, the new ratio becomes 40 : 57. What is Sumit's salary?
","Rs. 17,000","Rs. 20,000","Rs. 25,500","Rs. 38,000",D
If 0.75 : ,1.12,1.2,1.25,1.30,B
x,20,30,48,58,B
" :: 5 : 8, then ",Rs. 182,Rs. 190,Rs. 196,Rs. 204,D
"At what time between 7 and 8 o'clock will the hands of a clock be in the same straight line but, not together?",5 min. past 7,"
","
","
",D
"
At what time between 5.30 and 6 will the hands of a clock be at right angles?
","
",40 min. past 5,45 min. past 5,0°,B
"The angle between the minute hand and the hour hand of a clock when the time is 4.20, is:",10°,5°,20°,64°,B
At what angle the hands of a clock are inclined at 15 minutes past 5?,120°,125°,130°,135°,C
"
How many times in a day, are the hands of a clock in straight line but opposite in direction?
",20,22,24,48,B
"
At what time between 4 and 5 o'clock will the hands of a watch point in opposite directions?
",45 min. past 4,40 min. past 4,"
","
",D
"
At what time between 9 and 10 o'clock will the hands of a watch be together?
","
","
",45 min. past 9,50 min. past 9,C
"
The difference between the length and breadth of a rectangle is 23 m. If its perimeter is 206 m, then its area is:
",1520 m,2420 m,2480 m,2520 m,D
"
The length of a rectangle is halved, while its breadth is tripled. What is the percentage change in area?
",25% increase,50% increase,50% decrease,75% decrease,B
"
The length of a rectangular plot is 20 metres more than its breadth. If the cost of fencing the plot @ 26.50 per metre is Rs. 5300, what is the length of the plot in metres?
",40,50,120,Data inadequate,E
"
A rectangular field is to be fenced on three sides leaving a side of 20 feet uncovered. If the area of the field is 680 sq. feet, how many feet of fencing will be required?
",None of these,34,40,68,D
"
The certain worth of a certain sum due sometime hence is Rs. 1600 and the true discount is Rs. 160. The banker's gain is:
",Rs. 20,Rs. 24,Rs. 16,Rs. 12,C
"
The present worth of a certain bill due sometime hence is Rs. 800 and the true discount is Rs. 36. The banker's discount is:
",Rs. 37,Rs. 37.62,Rs. 34.38,Rs. 38.98,B
"
The banker's gain on a bill due 1 year hence at 12% per annum is Rs. 6. The true discount is:
",Rs. 72,Rs. 36,Rs. 54,Rs. 50,D
"
In how many ways can a group of 5 men and 2 women be made out of a total of 7 men and 3 women?
",63,90,126,45,A
"How many 4-letter words with or without meaning, can be formed out of the letters of the word, 'LOGARITHMS', if repetition of letters is not allowed?",135,40,400,5040,C
"
In how many different ways can the letters of the word 'MATHEMATICS' be arranged so that the vowels always come together?
",2520,10080,4989600,120960,C
"
In how many different ways can the letters of the word 'OPTICAL' be arranged so that the vowels always come together?
",None of these,120,720,4320,B
"
A card is drawn from a pack of 52 cards. The probability of getting a queen of club or a king of heart is:
","
","
","
","
",C
"
A bag contains 4 white, 5 red and 6 blue balls. Three balls are drawn at random from the bag. The probability that all of them are red, is:
","
","
","
","
",C
"Two cards are drawn together from a pack of 52 cards. The probability that one is a spade and one is a heart, is:
","
","
","
","
",D
"
A tank is 25 m long, 12 m wide and 6 m deep. The cost of plastering its walls and bottom at 75 paise per sq. m, is:
",88,Rs. 456,Rs. 458,Rs. 558,C
"
In covering a distance of 30 km, Abhay takes 2 hours more than Sameer. If Abhay doubles his speed, then he would take 1 hour less than Sameer. Abhay's speed is:
",5 kmph,6 kmph,6.25 kmph,7.5 kmph,A
"Robert is travelling on his cycle and has calculated to reach point A at 2 P.M. if he travels at 10 kmph, he will reach there at 12 noon if he travels at 15 kmph. At what speed must he travel to reach A at 1 P.M.?
",8 kmph,11 kmph,12 kmph,14 kmph,C
"
It takes eight hours for a 600 km journey, if 120 km is done by train and the rest by car. It takes 20 minutes more, if 200 km is done by train and the rest by car. The ratio of the speed of the train to that of the cars is:
",2 : 3,3 : 2,3 : 4,4 : 3,C
"
A farmer travelled a distance of 61 km in 9 hours. He travelled partly on foot @ 4 km/hr and partly on bicycle @ 9 km/hr. The distance travelled on foot is:
",14 km,15 km,16 km,17 km,C
"
A man covered a certain distance at some speed. Had he moved 3 kmph faster, he would have taken 40 minutes less. If he had moved 2 kmph slower, he would have taken 40 minutes more. The distance (in km) is:
",35,"
","

","
",D
"
In a flight of 600 km, an aircraft was slowed down due to bad weather. Its average speed for the trip was reduced by 200 km/hr and the time of flight increased by 30 minutes. The duration of the flight is:
",1 hour,2 hours,3 hours,4 hours,A
"A man complete a journey in 10 hours. He travels first half of the journey at the rate of 21 km/hr and second half at the rate of 24 km/hr. Find the total journey in km.
",220 km,224 km,230 km,234 km,B
"The ratio between the speeds of two trains is 7 : 8. If the second train runs 400 km in 4 hours, then the speed of the first train is:",70 km/hr,75 km/hr,84 km/hr,87.5 km/hr,D
"
Simple interest on a certain sum of money for 3 years at 8% per annum is half the compound interest on Rs. 4000 for 2 years at 10% per annum. The sum placed on simple interest is:
",Rs. 1550,Rs. 1650,Rs. 1750,Rs. 2000,C
"
If the simple interest on a sum of money for 2 years at 5% per annum is Rs. 50, what is the compound interest on the same at the same rate and for the same time?
",Rs. 51.25,Rs. 52,Rs. 54.25,Rs. 60,A
"
The difference between simple interest and compound on Rs. 1200 for one year at 10% per annum reckoned half-yearly is:
",Rs. 2.50,Rs. 3,Rs. 3.75,Rs. 4,B
"
The difference between compound interest and simple interest on an amount of Rs. 15,000 for 2 years is Rs. 96. What is the rate of interest per annum?
",None of these,8,10,12,A
"
The compound interest on a certain sum for 2 years at 10% per annum is Rs. 525. The simple interest on the same sum for double the time at half the rate percent per annum is:
",Cannot be determined,None of these,Rs. 400,Rs. 500,B
"
What will be the compound interest on a sum of Rs. 25,000 after 3 years at the rate of 12 p.c.p.a.?
",Rs. 9000.30,Rs. 9720,Rs. 10123.20,Rs. 10483.20,C
"
At what rate of compound interest per annum will a sum of Rs. 1200 become Rs. 1348.32 in 2 years?
",None of these,6%,6.5%,7%,A
"
The least number of complete years in which a sum of money put out at 20% compound interest will be more than doubled is:
",7.5%,3,4,5,B
"Albert invested an amount of Rs. 8000 in a fixed deposit scheme for 2 years at compound interest rate 5 p.c.p.a. How much amount will Albert get on maturity of the fixed deposit?
",6,Rs. 8600,Rs. 8620,Rs. 8820,C
"
The effective annual rate of interest corresponding to a nominal rate of 6% per annum payable half-yearly is:
",None of these,6.06%,6.07%,6.08%,D
"
A began a business with Rs. 85,000. He was joined afterwards by B with Rs. 42,500. For how much period does B join, if the profits at the end of the year are divided in the ratio of 3 : 1?
",4 months,5 months,6 months,8 months,D
"Aman started a business investing Rs. 70,000. Rakhi joined him after six months with an amount of Rs.. 1,05,000 and Sagar joined them with Rs. 1.4 lakhs after another six months. The amount of profit earned should be distributed in what ratio among Aman, Rakhi and Sagar respectively, 3 years after Aman started the business?
",7 : 6 : 10,12 : 15 : 16,42 : 45 : 56,Cannot be determined,B
"Arun, Kamal and Vinay invested Rs. 8000, Rs. 4000 and Rs. 8000 respectively in a business. Arun left after six months. If after eight months, there was a gain of Rs. 4005, then what will be the share of Kamal?",Rs. 890,Rs. 1335,Rs. 1602,Rs. 1780,A
"Simran started a software business by investing Rs. 50,000. After six months, Nanda joined her with a capital of Rs. 80,000. After 3 years, they earned a profit of Rs. 24,500. What was Simran's share in the profit?
","Rs. 9,423","Rs. 10,250","Rs. 12,500","Rs. 10,500",D
"
A starts business with Rs. 3500 and after 5 months, B joins with A as his partner. After a year, the profit is divided in the ratio 2 : 3. What is B's contribution in the capital?
",Rs. 7500,Rs. 8000,Rs. 8500,Rs. 9000,D
"
A and B entered into partnership with capitals in the ratio 4 : 5. After 3 months, A withdrew ",Rs. 330,Rs. 360,Rs. 380,Rs. 430,A
 of his capital and B withdrew ,3 : 5 : 2,3 : 5 : 5,6 : 10 : 5,Data inadequate,C
" of his capital. The gain at the end of 10 months was Rs. 760. A's share in this profit is:
",Rs. 45,Rs. 50,Rs. 55,Rs. 60,A
"A and B started a partnership business investing some amount in the ratio of 3 : 5. C joined then after six months with an amount equal to that of B. In what proportion should the profit at the end of one year be distributed among A, B and C?
",Rs. 7500,Rs. 9000,Rs. 9500,"Rs. 10,000",A
"A man on tour travels first 160 km at 64 km/hr and the next 160 km at 80 km/hr. The average speed for the first 320 km of the tour is:
",35.55 km/hr,36 km/hr,71.11 km/hr,71 km/hr,C
"
A car travelling with ","
","
",25 km/hr,30 km/hr,D
"A and B can do a work in 8 days, B and C can do the same work in 12 days. A, B and C together can finish it in 6 days. A and C together will do it in :",4 days,6 days,8 days,12 days,C
"
A can finish a work in 24 days, B in 9 days and C in 12 days. B and C start the work but are forced to leave after 3 days. The remaining work was done by A in:
",5 days,6 days,10 days,"
",C
X can do a piece of work in 40 days. He works at it for 8 days and then Y finished it in 16 days. How long will they together take to complete the work?,"
","
    ",15 days,20 days,A
A and B can do a job together in 7 days. A is 1,26 days,"
    ",11 days,"
    ",B
 times as efficient as B. The same job can be done by A alone in :,"
    ",30 days,40 days,60 days,C
"A takes twice as much time as B or thrice as much time as C to finish a piece of work. Working together, they can finish the work in 2 days. B can do the work alone in:
",4 days,6 days,8 days,12 days,B
A and B can complete a work in 15 days and 10 days respectively. They started doing the work together but after 2 days B had to leave and A alone completed the remaining work. The whole work was completed in :,8 days,10 days,12 days,15 days,C
"A and B can do a piece of work in 30 days, while B and C can do the same work in 24 days and C and A in 20 days. They all work together for 10 days when B and C leave. How many days more will A take to finish the work?",18 days,24 days,30 days,36 days,A
"A works twice as fast as B. If B can complete a work in 12 days independently, the number of days in which A and B can together finish the work in :",4 days,6 days,8 days,18 days,A
Twenty women can do a work in sixteen days. Sixteen men can complete the same work in fifteen days. What is the ratio between the capacity of a man and a woman?,3 : 4,4 : 3,5 : 3,Data inadequate,B
"
X and Y can do a piece of work in 20 days and 12 days respectively. X started the work alone and then after 4 days Y joined him till the completion of the work. How long did the work last?
",6 days,10 days,15 days,20 days,B
"A is 30% more efficient than B. How much time will they, working together, take to complete a job which A alone could have done in 23 days?",11 days,13 days,"
    ",None of these,B
"Ravi and Kumar are working on an assignment. Ravi takes 6 hours to type 32 pages on a computer, while Kumar takes 5 hours to type 40 pages. How much time will they take, working together on two different computers to type an assignment of 110 pages?",7 hours 30 minutes,8 hours,8 hours 15 minutes,8 hours 25 minutes,C
"
A, B and C can complete a piece of work in 24, 6 and 12 days respectively. Working together, they will complete the same work in: 
","
","
","
","
",C
"A can finish a work in 18 days and B can do the same work in 15 days. B worked for 10 days and left the job. In how many days, A alone can finish the remaining work?",5,"
    ",6,8,C
"
4 men and 6 women can complete a work in 8 days, while 3 men and 7 women can complete it in 10 days. In how many days will 10 women complete it?
",35,40,45,50,B
"A and B can together finish a work 30 days. They worked together for 20 days and then B left. After another 20 days, A finished the remaining work. In how many days A alone can finish the work?",40,50,54,60,D
"
P can complete a work in 12 days working 8 hours a day. Q can complete the same work in 8 days working 10 hours a day. If both P and Q work together, working 8 hours a day, in how many days can they complete the work?
","
","
","
","
",A
"
10 women can complete a work in 7 days and 10 children take 14 days to complete the work. How many days will 5 women and 10 children take to complete the work?
","
","
","
","
",C
"
If 6 men and 8 boys can do a piece of work in 10 days while 26 men and 48 boys can do the same in 2 days, the time taken by 15 men and 20 boys in doing the same type of work will be:
",4 days,5 days,6 days,7 days,A
"A can do a piece of work in 4 hours; B and C together can do it in 3 hours, while A and C together can do it in 2 hours. How long will B alone take to do it?",8 hours,10 hours,12 hours,24 hours,C
"
A can do a certain work in the same time in which B and C together can do it. If A and B together could do it in 10 days and C alone in 50 days, then B alone could do it in:
",15 days,20 days,25 days,30 days,C
A does 80% of a work in 20 days. He then calls in B and they together finish the remaining work in 3 days. How long B alone would take to do the whole work?,23 days,37 days,37,40 days,C
"A machine P can print one lakh books in 8 hours, machine Q can print the same number of books in 10 hours while machine R can print them in 12 hours. All the machines are started at 9 A.M. while machine P is closed at 11 A.M. and the remaining two machines complete work. Approximately at what time will the work (to print one lakh books) be finished ?",11:30 A.M.,12 noon,12:30 P.M.,1:00 P.M.,D
"
Sakshi can do a piece of work in 20 days. Tanya is 25% more efficient than Sakshi. The number of days taken by Tanya to do the same piece of work is:
","
","
",4 days,15,B
"
The diagonal of the floor of a rectangular closet is 7","
","
","
","
",C
 feet. The shorter side of the closet is 4,27,37,10%,10.08%,D
" feet. What is the area of the closet in square feet?
",20%,28%,20,24,C
"
A towel, when bleached, was found to have lost 20% of its length and 10% of its breadth. The percentage of decrease in area is:
",30,33,9 cm,18 cm,B
"
A man walked diagonally across a square lot. Approximately, what was the percent saved by not walking along the edges?
",20 cm,41 cm,814,820,A
"The present ages of three persons in proportions 4 : 7 : 9. Eight years ago, the sum of their ages was 56. Find their present ages (in years).
","8, 20, 28","16, 28, 36","20, 35, 45",None of these,B
"
Ayesha's father was 38 years of age when she was born while her mother was 36 years old when her brother four years younger to her was born. What is the difference between the ages of her parents?
",2 years,4 years,6 years,8 years,C
"
A person's present age is two-fifth of the age of his mother. After 8 years, he will be one-half of the age of his mother. How old is the mother at present?
",32 years,36 years,40 years,48 years,C
"Q is as much younger than R as he is older than T. If the sum of the ages of R and T is 50 years, what is definitely the difference between R and Q's age?",1 year,2 years,25 years,Data inadequate,D
"The age of father 10 years ago was thrice the age of his son. Ten years hence, father's age will be twice that of his son. The ratio of their present ages is:",None of these,5 : 2,7 : 3,9 : 2,B
"A man is 24 years older than his son. In two years, his age will be twice the age of his son. The present age of his son is:
",14 years,18 years,20 years,22 years,D
"Six years ago, the ratio of the ages of Kunal and Sagar was 6 : 5. Four years hence, the ratio of their ages will be 11 : 10. What is Sagar's age at present?
",16 years,18 years,20 years,Cannot be determined,A
"
The sum of the present ages of a father and his son is 60 years. Six years ago, father's age was five times the age of the son. After 6 years, son's age will be:
",None of these,12 years,14 years,18 years,D
"At present, the ratio between the ages of Arun and Deepak is 4 : 3. After 6 years, Arun's age will be 26 years. What is the age of Deepak at present ?
",20 years,12 years,15 years,19 and half,B
"Sachin is younger than Rahul by 7 years. If their ages are in the respective ratio of  7 : 9, how old is Sachin?
",21 years,16 years,18 years,28 years,D
"
Two dice are thrown simultaneously. What is the probability of getting two numbers whose product is even?
","
","
","
","
",B
"
In a class, there are 15 boys and 10 girls. Three students are selected at random. The probability that 1 girl and 2 boys are selected, is:
","
","
","
","
",A
"
In a lottery, there are 10 prizes and 25 blanks. A lottery is drawn at random. What is the probability of getting a prize?
","
","
","
","
",C
"In a group of 6 boys and 4 girls, four children are to be selected. In how many different ways can they be selected such that at least one boy should be there?",159,194,205,209,D
"
How many 3-digit numbers can be formed from the digits 2, 3, 5, 6, 7 and 9, which are divisible by 5 and none of the digits is repeated?
",None of these,5,10,15,D
"
In how many ways a committee, consisting of 5 men and 6 women can be formed from 8 men and 10 women?
",20,266,5040,11760,C
"
A box contains 2 white balls, 3 black balls and 4 red balls. In how many ways can 3 balls be drawn from the box, if at least one black ball is to be included in the draw?
",86400,None of these,32,48,C
In how many different ways can the letters of the word 'DETAIL' be arranged in such a way that the vowels occupy only the odd positions?,64,96,None of these,32,C
"In a race of 200 m, A can beat B by 31 m and C by 18 m. In a race of 350 m, C will beat B by:
",22.75 m,25 m,19.5 m,"
",B
"
In 100 m race, A covers the distance in 36 seconds and B in 45 seconds. In this race A beats B by:
",20 m,25 m,22.5 m,9 m,A
"
In a game of 100 points, A can give B 20 points and C 28 points. Then, B can give C:
",8 points,10 points,14 points,40 points,B
"
In a 200 metres race A beats B by 35 m or 7 seconds. A's time over the course is:
",40 sec,47 sec,33 sec,None of these,C
"
A can run 22.5 m while B runs 25 m. In a kilometre race B beats A by:
",100 m,"
","
",25 m,A
"
Find the ratio in which rice at Rs. 7.20 a kg be mixed with rice at Rs. 5.70 a kg to produce a mixture worth Rs. 6.30 a kg.
",1 : 3,2 : 3,3 : 4,4 : 5,B
"
In what ratio must a grocer mix two varieties of tea worth Rs. 60 a kg and Rs. 65 a kg so that by selling the mixture at Rs. 68.20 a kg he may gain 10%?
",3 : 2,3 : 4,3 : 5,4 : 5,A
"
The cost of Type 1 rice is Rs. 15 per kg and Type 2 rice is Rs. 20 per kg. If both Type 1 and Type 2 are mixed in the ratio of 2 : 3, then the price per kg of the mixed variety of rice is:
",Rs. 18,Rs. 18.50,Rs. 19,Rs. 19.50,A
8 litres are drawn from a cask full of wine and is then filled with water. This operation is performed three more times. The ratio of the quantity of wine now left in cask to that of water is 16 : 65. How much wine did the cask hold originally?,18 litres,24 litres,32 litres,42 litres,B
"
A merchant has 1000 kg of sugar, part of which he sells at 8% profit and the rest at 18% profit. He gains 14% on the whole. The quantity sold at 18% profit is:
",400 kg,560 kg,600 kg,640 kg,C
A train travelling at a speed of 75 mph enters a tunnel 3,2.5 min,3 min,3.2 min,3.5 min,B
 miles long. The train is ,130,360,500,540,C
 mile long. How long does it take for the train to pass through the tunnel from the moment the front enters to the moment the rear emerges?,320 m,350 m,650 m,Data inadequate,B
"A train 800 metres long is running at a speed of 78 km/hr. If it crosses a tunnel in 1 minute, then the length of the tunnel (in meters) is:",50 m,150 m,200 m,Data inadequate,B
A 300 metre long train crosses a platform in 39 seconds while it crosses a signal pole in 18 seconds. What is the length of the platform?,69.5 km/hr,70 km/hr,79 km/hr,79.2 km/hr,D
"
A 270 metres long train running at the speed of 120 kmph crosses another train running in opposite direction at the speed of 80 kmph in 9 seconds. What is the length of the other train?
",230 m,240 m,260 m,320 m,A
"
A goods train runs at the speed of 72 kmph and crosses a 250 m long platform in 26 seconds. What is the length of the goods train?
",None of these,230 m,240 m,260 m,D
"
Two trains, each 100 m long, moving in opposite directions, cross each other in 8 seconds. If one is moving twice as fast the other, then the speed of the faster train is:
",270 m,30 km/hr,45 km/hr,60 km/hr,C
"
Two trains 140 m and 160 m long run at the speed of 60 km/hr and 40 km/hr respectively in opposite directions on parallel tracks. The time (in seconds) which they take to cross each other, is:
",75 km/hr,9,9.6,10,D
"
A train 110 metres long is running with a speed of 60 kmph. In what time will it pass a man who is running at 6 kmph in the direction opposite to that in which the train is going?
",10.8,5 sec,6 sec,7 sec,B
"
A dishonest milkman professes to sell his milk at cost price but he mixes it with water and thereby gains 25%. The percentage of water in the mixture is:
",4%,6,%,20%,C
"
How many kilogram of sugar costing Rs. 9 per kg must be mixed with 27 kg of sugar costing Rs. 7 per kg so that there may be a gain of 10% by selling the mixture at Rs. 9.24 per kg?
",25%,36 kg,42 kg,54 kg,D
A container contains 40 litres of milk. From this container 4 litres of milk was taken out and replaced by water. This process was repeated further two times. How much milk is now contained by the container?,63 kg,26.34 litres,27.36 litres,28 litres,D
"
A jar full of whisky contains 40% alcohol. A part of this whisky is replaced by another containing 19% alcohol and now the percentage of alcohol was found to be 26%. The quantity of whisky replaced is:
",29.16 litres,"
","
","
",B
"
In what ratio must water be mixed with milk to gain 16","

","
","
","
",A
"
One pipe can fill a tank three times as fast as another pipe. If together the two pipes can fill the tank in 36 minutes, then the slower pipe alone will be able to fill the tank in:
",81 min.,108 min.,144 min.,192 min.,C
"
A large tanker can be filled by two pipes A and B in 60 minutes and 40 minutes respectively. How many minutes will it take to fill the tanker from empty state if B is used for half the time and A and B fill it together for the other half?
",15 min,20 min,27.5 min,30 min,D
"A tap can fill a tank in 6 hours. After half the tank is filled, three more similar taps are opened. What is the total time taken to fill the tank completely?",3 hrs 15 min,3 hrs 45 min,4 hrs,4 hrs 15 min,B
"
Three taps A, B and C can fill a tank in 12, 15 and 20 hours respectively. If A is open all the time and B and C are open for one hour each alternately, the tank will be full in:
",6 hours,"
",7 hours,"
",C
"
Three pipes A, B and C can fill a tank in 6 hours. After working at it together for 2 hours, C is closed and A and B can fill the remaining part in 7 hours. The number of hours taken by C alone to fill the tank is:
","
",10,12,14,C
"
Two pipes can fill a tank in 20 and 24 minutes respectively and a waste pipe can empty 3 gallons per minute. All the three pipes working together can fill the tank in 15 minutes. The capacity of the tank is:
",60 gallons,100 gallons,120 gallons,180 gallons,C
"
A tank is filled in 5 hours by three pipes A, B and C. The pipe C is twice as fast as B and B is twice as fast as A. How much time will pipe A alone take to fill the tank?
",20 hours,25 hours,35 hours,Cannot be determined,C
"
Two pipes A and B together can fill a cistern in 4 hours. Had they been opened separately, then B would have taken 6 hours more than A to fill the cistern. How much time will be taken by A to fill the cistern separately?
",None of these,1 hour,2 hours,6 hours,C
"
Two pipes A and B can fill a tank in 20 and 30 minutes respectively. If both the pipes are used together, then how long will it take to fill the tank?
",8 hours,12 min,15 min,25 min,A
"
Two pipes A and B can fill a tank in 15 minutes and 20 minutes respectively. Both the pipes are opened together but after 4 minutes, pipe A is turned off. What is the total time required to fill the tank?
",50 min,10 min. 20 sec.,11 min. 45 sec.,12 min. 30 sec.,D
How many seconds will a 500 metre long train take to cross a man walking with a speed of 3 km/hr in the direction of the moving train if the speed of the train is 63 km/hr?,25,30,40,45,B
"Two goods train each 500 m long, are running in opposite directions on parallel tracks. Their speeds are 45 km/hr and 30 km/hr respectively. Find the time taken by the slower train to pass the driver of the faster one.",12 sec,24 sec,48 sec,60 sec,B
"Two trains are running in opposite directions with the same speed. If the length of each train is 120 metres and they cross each other in 12 seconds, then the speed of each train (in km/hr) is:",10,18,36,72,C
"Two trains of equal lengths take 10 seconds and 15 seconds respectively to cross a telegraph post. If the length of each train be 120 metres, in what time (in seconds) will they cross each other travelling in opposite direction?",10,12,15,20,B
A train 108 m long moving at a speed of 50 km/hr crosses a train 112 m long coming from opposite direction in 6 seconds. The speed of the second train is:,48 km/hr,54 km/hr,66 km/hr,82 km/hr,D
"3, 5, 11, 14, 17, 21",21,17,14,3,C
"
8, 27, 64, 100, 125, 216, 343
",27,100,125,343,B
"
10, 25, 45, 54, 60, 75, 80
",10,45,54,75,C
"396, 462, 572, 427, 671, 264",396,427,671,264,B
"
6, 9, 15, 21, 24, 28, 30
",28,21,24,30,A
"
A boat can travel with a speed of 13 km/hr in still water. If the speed of the stream is 4 km/hr, find the time taken by the boat to go 68 km downstream.
",2 hours,3 hours,4 hours,5 hours,C
"
A man's speed with the current is 15 km/hr and the speed of the current is 2.5 km/hr. The man's speed against the current is:
",8.5 km/hr,9 km/hr,10 km/hr,12.5 km/hr,C
"
A boat running upstream takes 8 hours 48 minutes to cover a certain distance, while it takes 4 hours to cover the same distance running downstream. What is the ratio between the speed of the boat and speed of the water current respectively?
",2 : 1,3 : 2,8 : 3,Cannot be determined,C
"A motorboat, whose speed in 15 km/hr in still water goes 30 km downstream and comes back in a total of 4 hours 30 minutes. The speed of the stream (in km/hr) is:",None of these,4,5,6,B
"In one hour, a boat goes 11 km/hr along the stream and 5 km/hr against the stream. The speed of the boat in still water (in km/hr) is:",10,3 km/hr,5 km/hr,8 km/hr,C
"
A train 240 m long passes a pole in 24 seconds. How long will it take to pass a platform 650 m long?
",65 sec,89 sec,100 sec,150 sec,B
"
Two trains of equal length are running on parallel lines in the same direction at 46 km/hr and 36 km/hr. The faster train passes the slower train in 36 seconds. The length of each train is:
",50 m,72 m,80 m,82 m,A
"A train 360 m long is running at a speed of 45 km/hr. In what time will it pass a bridge 140 m long?
",40 sec,42 sec,45 sec,48 sec,A
"
Two trains are moving in opposite directions @ 60 km/hr and 90 km/hr. Their lengths are 1.10 km and 0.9 km respectively. The time taken by the slower train to cross the faster train in seconds is:
",36,45,48,49,C
"
A jogger running at 9 kmph alongside a railway track in 240 metres ahead of the engine of a 120 metres long train running at 45 kmph in the same direction. In how much time will the train pass the jogger?
",3.6 sec,18 sec,36 sec,72 sec,C
"
A man purchased a cow for Rs. 3000 and sold it the same day for Rs. 3600, allowing the buyer a credit of 2 years. If the rate of interest be 10% per annum, then the man has a gain of:
",0%,5%,7.5%,10%,A
"
The true discount on Rs. 2562 due 4 months hence is Rs. 122. The rate percent is:
",12%,"
","
",15%,C
"
A trader owes a merchant Rs. 10,028 due 1 year hence. The trader wants to settle the account after 3 months. If the rate of interest 12% per annum, how much cash should he pay?
",14%,Rs. 9025.20,Rs. 9200,Rs. 9600,B
"
A man wants to sell his scooter. There are two offers, one at Rs. 12,000 cash and the other a credit of Rs. 12,880 to be paid after 8 months, money being at 18% per annum. Which is the better offer?
",Rs. 9560,"Rs. 12,000 in cash","s. 12,880 at credit",Both are equally good,A
"
If Rs. 10 be allowed as true discount on a bill of Rs. 110 due at the end of a certain time, then the discount allowed on the same sum due at the end of double the time is:
",Rs. 20,Rs. 21.81,Rs. 22,Rs. 18.33,D
"
In order to obtain an income of Rs. 650 from 10% stock at Rs. 96, one must make an investment of:
",Rs. 3100,Rs. 6240,Rs. 6500,Rs. 9600,B
"
A man bought 20 shares of Rs. 50 at 5 discount, the rate of dividend being 13","
","
","
","
",C
". The rate of interest obtained is:
",15%,"
","
",11% stock at 143,B
"
Which is better investment:  11% stock at 143  or  9","
","

",Both are equally good,"Cannot be compared, as the total amount of investment is not given.",B
"% stock at 117?
",Rs. 12,Rs. 15,Rs. 18,Rs. 21,B
Which of the following statements is not correct?,log, 10 = 1,log (2 + 3) = log (2 x 3),log,B
"
If log 2 = 0.3010 and log 3 = 0.4771, the value of log", 1 = 0,log (1 + 2 + 3) = log 1 + log 2 + log 3,2.870,2.967,C
5,3.876,3.912,"
","
",C
" 512 is:
","
","
","
","
",C
"
3 pumps, working 8 hours a day, can empty a tank in 2 days. How many hours a day must 4 pumps work to empty the tank in 1 day?
",9,10,11,12,D
If the cost of ,Rs. (,),Rs. (,),D
x,648,1800,2700,10800,B
" metres of wire is d rupees, then what is the cost of ","
","
","
","
",C
y,42,54,10,13,B
"
","
","
",0.934,0.945,A
(17),2.29,2.75,4.25,4.5,D
3.5,1,2,1.45,1.88,C
 x (17),2.9,3.7,25,125,C
?,625,1625,0,2,A
"A man  has  Rs.480 in the denominations of one-rupee notes, five-rupee notes and ten-rupee notes. The number of notes of each denomination is equal. What is the total number of notes that he has ?",45,60,75,90,D
"
There are two examinations rooms A and B. If 10 students are sent from A to B, then the number of students in each room is the same. If 20 candidates are sent from B to A, then the number of students in A is double the number of students in B. The number of students in room A is:
",20,80,100,200,C
"
The price of 10 chairs is equal to that of 4 tables. The price of 15 chairs and 2 tables together is Rs. 4000. The total price of 12 chairs and 3 tables is:
",Rs. 3500,Rs. 3750,Rs. 3840,Rs. 3900,D
"
If ",10,12,15,18,A
a,Rs. 1200,Rs. 2400,Rs. 4800,Cannot be determined,B
"
Find the greatest number that will divide 43, 91 and 183 so as to leave the same remainder in each case.
",4,7,9,13,A
"
The H.C.F. of two numbers is 23 and the other two factors of their L.C.M. are 13 and 14. The larger of the two numbers is:
",276,299,322,345,C
"
Six bells commence tolling together and toll at intervals of 2, 4, 6, 8 10 and 12 seconds respectively. In 30 minutes, how many times do they toll together ?
",4,10,15,16,D
"Let N be the greatest number that will divide 1305, 4665 and 6905, leaving the same remainder in each case. Then sum of the digits in N is:
",4,5,6,8,A
"
The greatest number of four digits which is divisible by 15, 25, 40 and 75 is:
",9000,9400,9600,9800,C
Which one of the following is not a prime number?,31,61,71,91,D
"
(112 x 5",67000,70000,76500,77200,B
4,(2, + 1),(2, - 1),D
") = ?
",(7 x 2,),(2, + 1),A
It is being given that (2,2,3,18,21,A
32,None of these,1951609,1981709,18362619,A
"A right triangle with sides 3 cm, 4 cm and 5 cm is rotated the side of 3 cm to form a cone. The volume of the cone so formed is:",12, cm,15, cm,A
"In a shower, 5 cm of rain falls. The volume of water that falls on 1.5 hectares of ground is:",16, cm,20, cm,B
"A hall is 15 m long and 12 m broad. If the sum of the areas of the floor and the ceiling is equal to the sum of the areas of four walls, the volume of the hall is:",75 cu. m,750 cu. m,7500 cu. m,75000 cu. m,C
"
66 cubic centimetres of silver is drawn into a wire 1 mm in diameter. The length of the wire in metres will be:
",720,900,1200,1800,A
"
A hollow iron pipe is 21 cm long and its external diameter is 8 cm. If the thickness of the pipe is 1 cm and iron weighs 8 g/cm",84,90,168,336,B
"In the first 10 overs of a cricket game, the run rate was only 3.2. What should be the run rate in the remaining 40 overs to reach the target of 282 runs?",6.25,6.5,6.75,7,A
"A family consists of two grandparents, two parents and three grandchildren. The average age of the grandparents is 67 years, that of the parents is 35 years and that of the grandchildren is 6 years. What is the average age of the family?",None of these,Rs. 4991,Rs. 5991,Rs. 6001,B
"A grocer has a sale of Rs. 6435, Rs. 6927, Rs. 6855, Rs. 7230 and Rs. 6562 for 5 consecutive months. How much sale must he have in the sixth month so that he gets an average sale of Rs. 6500?",Rs. 6991,0,1,10,A
"
The average of 20 numbers is zero. Of them, at the most, how many may be greater than zero?
",19,76 kg,76.5 kg,85 kg,D
"
It was Sunday on Jan 1, 2006. What was the day of the week Jan 1, 2010?
",Sunday,Saturday,Friday,Wednesday,C
"
What was the day of the week on 28",Thursday,Friday,Saturday,Sunday,D
th,Monday,Tuesday,Wednesday,Thursday,C
" May, 2006?
",Sunday,Monday,Tuesday,Friday,A
What was the day of the week on 17,Wednesday,Saturday,Tuesday,Thursday,B
A batsman scored 110 runs which included 3 boundaries and 8 sixes. What percent of his total score did he make by running between the wickets?,45%,55%,"39, 30","41, 32",B
"
Two students appeared at an examination. One of them secured 9 marks more than the other and his marks was 56% of the sum of their marks. The marks obtained by them are:
","42, 33","43, 34",588 apples,600 apples,C
"A fruit seller had some apples. He sells 40% apples and still has 420 apples. Originally, he had:",672 apples,700 apples,1,14,D
What percentage of numbers from 1 to 70 have 1 or 9 in the unit's digit?,20,21,A is smaller than B.,A is greater than B,C
"
If A = ",Relationship between A and B cannot be determined.,If , is smaller than ,", then A is greater than B.",E
"Alfred buys an old scooter for Rs. 4700 and spends Rs. 800 on its repairs. If he sells the scooter for Rs. 5800, his gain percent is:",10%,12%,15,16,B
The cost price of 20 articles is the same as the selling price of ,18,25,100,120,B
x,30%,70%,100%,250%,B
" articles. If the profit is 25%, then the value of ",3,4,5,6,B
 + 1) is completely divisible by a whole number. Which of the following numbers is completely divisible by this number?,2031719,None of these,4,5,B
"What least number must be added to 1056, so that the sum is completely divisible by 23 ?",6,7,575648125,584638125,A
"
1397 x 1397 = ?
",584649125,585628125,9944,9768,D
How many of the following numbers are divisible by 132 ?,9988,8888,None of these,33,A
A sum of money at simple interest amounts to Rs. 815 in 3 years and to Rs. 854 in 4 years. The sum is:,Rs. 650,Rs. 690,Rs. 698,Rs. 700,C
"Mr. Thomas invested an amount of Rs. 13,900 divided in two different schemes A and B at the simple interest rate of 14% p.a. and 11% p.a. respectively. If the total amount of simple interest earned in 2 years be Rs. 3508, what was the amount invested in Scheme B?",Rs. 6400,Rs. 6500,Rs. 7200,Rs. 7500,A
"
A sum fetched a total simple interest of Rs. 4016.25 at the rate of 9 p.c.p.a. in 5 years. What is the sum?
",None of these,Rs. 4462.50,Rs. 8032.50,Rs. 8900,D
How much time will it take for an amount of Rs. 450 to yield Rs. 81 as interest at 4.5% per annum of simple interest?,Rs. 8925,None of these,3.5 years,4 years,B
"Reena took a loan of Rs. 1200 with simple interest for as many years as the rate of interest. If she paid Rs. 432 as interest at the end of the loan period, what was the rate of interest?",4.5 years,5 years,3.6,6,B
"Two ships are sailing in the sea on the two sides of a lighthouse. The angle of elevation of the top of the lighthouse is observed from the ships are 30° and 45° respectively. If the lighthouse is 100 m high, the distance between the two ships is:",173 m,200 m,273 m,300 m,C
"A man standing at a point P is watching the top of a tower, which makes an angle of elevation of 30° with the man's eye. The man walks some distance towards the tower to watch its top and the angle of the elevation becomes 60°. What is the distance between the base of the tower and the point P?",4, units,8 units,12 units,D
The angle of elevation of a ladder leaning against a wall is 60° and the foot of the ladder is 4.6 m away from the wall. The length of the ladder is:,Data inadequate,None of these,2.3 m,4.6 m,D
An observer 1.6 m tall is 20,7.8 m,9.2 m,21.6 m,23.2 m,A
3,24.72 m,None of these,149 m,156 m,C
"A boat running downstream covers a distance of 16 km in 2 hours while for covering the same distance upstream, it takes 4 hours. What is the speed of the boat in still water?",4 km/hr,6 km/hr,8 km/hr,Data inadequate,B
The speed of a boat in still water in 15 km/hr and the rate of current is 3 km/hr. The distance travelled downstream in 12 minutes is:,1.2 km,1.8 km,2.4 km,3.6 km,D
"A boat takes 90 minutes less to travel 36 miles downstream than to travel the same distance upstream. If the speed of the boat in still water is 10 mph, the speed of the stream is:",2 mph,2.5 mph,3 mph,4 mph,A
"
A man can row at 5 kmph in still water. If the velocity of current is 1 kmph and it takes him 1 hour to row to a place and come back, how far is the place?
",2.4 km,2.5 km,3 km,3.6 km,A
"
A boat covers a certain distance downstream in 1 hour, while it comes back in 1",12 kmph,13 kmph,14 kmph,15 kmph,D
"331, 482, 551, 263, 383, 362, 284",263,383,331,551,B
"
835, 734, 642, 751, 853, 981, 532
",751,853,981,532,A
"
41, 43, 47, 53, 61, 71, 73, 81
",61,71,73,81,D
"3, 5, 7, 12, 17, 19
",19,17,5,12,D
"
A boatman goes 2 km against the current of the stream in 1 hour and goes 1 km along the current in 10 minutes. How long will it take to go 5 km in stationary water?
",40 minutes,1 hour,1 hr 15 min,1 hr 30 min,C
A man can row three-quarters of a kilometre against the stream in 11,2,3,4,5,D
 minutes and down the stream in 7,16 hours,18 hours,20 hours,24 hours,D
"
A man invested Rs. 1552 in a stock at 97 to obtain an income of Rs. 128. The dividend from the stock is:
",7.5%,8%,9.7%,None of these,B
"
A 12% stock yielding 10% is quoted at:
",Rs. 83.33,Rs. 110,Rs. 112,Rs. 120,D
"
The market value of a 10.5% stock, in which an income of Rs. 756 is derived by investing Rs. 9000, brokerage being ",Rs. 108.25,Rs. 112.20,Rs. 124.75,Rs. 125.25,C
"%, is:
",Rs. 95.75,Rs. 96,Rs. 96.25,Rs. 104.25,C
"
",Rs. 4000,Rs. 4500,Rs. 5500,Rs. 6000,A
"
A 6% stock yields 8%. The market value of the stock is:
",Rs. 48,Rs. 75,Rs. 96,Rs. 133.33,B
"
A man invested Rs. 4455 in Rs. 10 shares quoted at Rs. 8.25. If the rate of dividend be 12%, his annual income is:
",Rs. 207.40,Rs. 534.60,Rs. 648,Rs. 655.60,C
"
Rs. 9800 are invested partly in 9% stock at 75 and 10% stock at 80 to have equal amount of incomes. The investment in 9% stock is:
",Rs. 4800,Rs. 5000,Rs. 5400,Rs. 5600,B
"
A man invests some money partly in 9% stock at 96 and partly in 12% stock at 120. To obtain equal dividends from both, he must invest the money in the ratio:
",3 : 4,3 : 5,4 : 5,16 : 15,D
"
By investing Rs. 1620 in 8% stock, Michael earns Rs. 135. The stock is then quoted at:
",Rs. 80,Rs. 96,Rs. 106,Rs. 108,B
 minutes. The speed (in km/hr) of the man in still water is:,2 : 1,3 : 1,3 : 2,4 : 3,B
"
Speed of a boat in standing water is 9 kmph and the speed of the stream is 1.5 kmph. A man rows to a place at a distance of 105 km and comes back to the starting point. The total time taken by him is:
",1 km/hr,1.5 km/hr,2 km/hr,2.5 km/hr,A
"
1, 4, 9, 16, 23, 25, 36
",9,23,25,36,B
"
1, 4, 9, 16, 20, 36, 49
",1,9,20,49,C
"2, 5, 10, 17, 26, 37, 50, 64
",50,26,37,64,D
"
10, 14, 16, 18, 21, 24, 26
",26,24,21,18,C
"
16, 25, 36, 72, 144, 196, 225
",36,72,196,225,B
"
Rs. 20 is the true discount on Rs. 260 due after a certain time. What will be the true discount on the same sum due after half of the former time, the rate of interest being the same?
",Rs. 10,Rs. 10.40,Rs. 15.20,Rs. 13,B
"
The interest on Rs. 750 for 2 years is the same as the true discount on Rs. 960 due 2 years hence. If the rate of interest is the same in both cases, it is:
",12%,14%,15%,"
           ",B
"
The simple interest and the true discount on a certain sum for a given time and at a given rate are Rs. 85 and Rs. 80 respectively. The sum is:
",Rs. 1800,Rs. 1450,Rs. 1360,Rs. 6800,C
"
The present worth of Rs. 1404 due in two equal half-yearly installments at 8% per annum simple interest is:
",Rs. 1325,Rs. 1300,Rs. 1350,Rs. 1500,A
"
If the true discount on s sum due 2 years hence at 14% per annum be Rs. 168, the sum due is:
",Rs. 768,Rs. 968,Rs. 1960,Rs. 2400,A
Goods were bought for Rs. 600 and sold the same for Rs. 688.50 at a credit of 9 months and thus gaining 2% The rate of interest per annum is:,15%,Rs. 1386,Rs. 1764,Rs. 1575,A
The true discount on a bill due 9 months hence at 16% per annum is Rs. 189. The amount of the bill is:,Rs. 2268,gains Rs. 55,gains Rs. 50,loses Rs. 30,B
"A man buys a watch for Rs. 1950 in cash and sells it for Rs. 2200 at a credit of 1 year. If the rate of interest is 10% per annum, the man:",gains Rs. 30,6 months,8 months,9 months,B
"
The true discount on Rs. 1760 due after a certain time at 12% per annum is Rs. 160. The time after which it is due is:
",10 months,Rs. 1750,Rs. 1680,Rs. 1840,D
"
In a regular week, there are 5 working days and for each day, the working hours are 8. A man gets Rs. 2.40 per hour for regular work and Rs. 3.20 per hours for overtime. If he earns Rs. 432 in 4 weeks, then how many hours does he work for ? 
",160,175,180,195,B
"
Free notebooks were distributed equally among children of a class. The number of notebooks each child got was one-eighth of the number of children. Had the number of children been half, each child would have got 16 notebooks. Total how many notebooks were distributed ?
",256,432,512,640,C
"
A man has some hens and cows. If the number of heads be 48 and the number of feet equals 140, then the number of hens will be:
",None of these,22,23,24,D
"
",26,2,4,295,B
"
",643,19,28,30,C
"
A sum of Rs. 1360 has been divided among A, B and C such that A gets ",Rs. 120,Rs. 160,Rs. 240,Rs. 300,C
"A flagstaff 17.5 m high casts a shadow of length 40.25 m. The height of the building, which casts a shadow of length 28.75 m under similar conditions will be:
",10 m,12.5 m,17.5 m,21.25 m,B
"
In a camp, there is a meal for 120 men or 200 children. If 150 children have taken the meal, how many men will be catered to with remaining meal?
",20,30,40,50,B
"
An industrial loom weaves 0.128 metres of cloth every second. Approximately, how many seconds will it take for the loom to weave 25 metres of cloth?
",178,195,204,488,B
"
36 men can complete a piece of work in 18 days. In how many days will 27 men complete the same work?
",12,18,22,24,D
"
4 mat-weavers can weave 4 mats in 4 days. At the same rate, how many mats would be woven by 8 mat-weavers in 8 days?
",None of these,4,8,12,D
"
A man completes ",5,6,7,"
",B
" of a job in 10 days. At this rate, how many more days will it takes him to finish the job?
","
",48 paise,54 paise,56 paise,A
"
If a quarter kg of potato costs 60 paise, how many paise will 200 gm cost?
",72 paise,1,"
",40,C
"In a dairy farm, 40 cows eat 40 bags of husk in 40 days. In how many days one cow will eat one bag of husk?
",80,4,9,12,B
"
A wheel that has 6 cogs is meshed with a larger wheel of 14 cogs. When the smaller wheel has made 21 revolutions, then the number of revolutions mad by the larger wheel is:
",49,1,"
","
",C
"
 ",1,2,9,3,C
"
    ",0,"
","
",1,C
(243),1,10,121,1000,D
n,1,1,2,2,B
 of what B gets and B gets ,"Rs. 30,000","Rs. 50,000","Rs. 60,000","Rs. 90,000",C
" of what C gets. B's share is:
",30 birds,60 birds,72 birds,90 birds,A
"
One-third of Rahul's savings in National Savings Certificate is equal to one-half of his savings in Public Provident Fund. If he has Rs. 1,50,000 as total savings, how much has he saved in Public Provident Fund ?
","
","
","
","
",A
"
A fires 5 shots to B's 3 but A kills only once in 3 shots while B kills once in 2 shots. When B has missed 27 times, A has killed:
","
","
","
","
",C
"
(256)",4,16,64,256.25,A
0.16,1000,10000,100000,10,B
 x (256),0,1,None of these,8.5,B
0.09,13,16,17.5,None of these,B
"
If log 2 = 0.30103, the number of digits in 2",18,19,20,21,C
64,"
","
","
","
",D
" is:
","
","
","
","
",C
"
 ","
","
",None of these,2,C
"
    ",2,2,2,"
",B
"
",- (1 + ,),(1 + ,),A
"
 ","
","
","
","
",B
"
    ","
","
","
","
",B
" = ?
",25,125,250,625,B
"
The greatest number which on dividing 1657 and 2037 leaves remainders 6 and 5 respectively, is:
",123,127,235,305,B
Which of the following has the most number of divisors?,99,101,176,182,C
"
The L.C.M. of two numbers is 48. The numbers are in the ratio 2 : 3. Then sum of the number is:
",28,32,40,64,C
"
","
","
","
","
",C
"
  ","
","
","
","
",C
"The greatest possible length which can be used to measure exactly the lengths 7 m, 3 m 85 cm, 12 m 95 cm is:
",15 cm,25 cm,35 cm,42 cm,C
"
Three numbers which are co-prime to each other are such that the product of the first two is 551 and that of the last two is 1073. The sum of the three numbers is:
",75,81,85,89,C
"Find the highest common factor of 36 and 84.
",4,6,12,18,C
"Which of the following fraction is the largest ?
","
","
","
","
",A
"
The least number, which when divided by 12, 15, 20 and 54 leaves in each case a remainder of 8 is:
",504,536,544,548,D
If log,0.3010,0.6990,1.6020,1.9030,B
10,3.9030,None of these,1,3,B
"
The H.C.F. of two numbers is 11 and their L.C.M. is 7700. If one of the numbers is 275, then the other is:
",279,283,308,318,C
"What will be the least number which when doubled will be exactly divisible by 12, 18, 21 and 30 ?
",196,630,1260,2520,B
"
The ratio of two numbers is 3 : 4 and their H.C.F. is 4. Their L.C.M. is:
",12,16,24,48,D
"
The smallest number which when diminished by 7, is divisible 12, 16, 18, 21 and 28 is:
",1008,1015,1022,1032,B
"
252 can be expressed as a product of primes as:
",2 x 2 x 3 x 3 x 7,2 x 2 x 2 x 3 x 7,3 x 3 x 3 x 3 x 7,2 x 3 x 3 x 3 x 7,A
"
Find the lowest common multiple of 24, 36 and 40.
",120,240,360,480,C
"
The least number which should be added to 2497 so that the sum is exactly divisible by 5, 6, 4 and 3 is:
",3,13,23,33,C
"
  ","
","
","
",1677,C
"
     ",1683,2523,3363,26 minutes and 18 seconds,B
"The product of two numbers is 4107. If the H.C.F. of these numbers is 37, then the greater number is:
",101,107,111,185,C
"Three number are in the ratio of 3 : 4 : 5 and their L.C.M. is 2400. Their H.C.F. is:
",40,80,120,200,A
"
The G.C.D. of 1.08, 0.36 and 0.9 is:
",0.03,0.9,0.18,0.108,C
"The product of two numbers is 2028 and their H.C.F. is 13. The number of such pairs is:
",1,2,3,4,B
"
The least multiple of 7, which leaves a remainder of 4, when divided by 6, 9, 15 and 18 is:
",74,94,184,364,D
"
A number when divided successively by 4 and 5 leaves remainders 1 and 4 respectively. When it is successively divided by 5 and 4, then the respective remainders will be
","1, 2","2, 3","3, 2","4, 1",B
"8796 x 223 + 8796 x 77 = ?
",2736900,2638800,2658560,2716740,B
"8988 � 8 � 4 = ?
",None of these,4494,561.75,2247,D
"The angle of elevation of the sun, when the length of the shadow of a tree ",30°,45°,60°,90°,A
A sum of money amounts to Rs. 9800 after 5 years and Rs. 12005 after 8 years at the same rate of simple interest. The rate of interest per annum is:,5%,8%,12%,15%,C
What will be the ratio of simple interest earned by certain amount at the same rate of interest for 6 years and that for 9 years?,1 : 3,1 : 4,2 : 3,Data inadequate,C
"A certain amount earns simple interest of Rs. 1750 after 7 years. Had the interest been 2% more, how much more interest would it have earned?",None of these,Rs. 35,Rs. 245,Rs. 350,D
A person borrows Rs. 5000 for 2 years at 4% p.a. simple interest. He immediately lends it to another person at 6,Cannot be determined,None of these,Rs. 112.50,Rs. 125,A
"A sum of Rs. 12,500 amounts to Rs. 15,500 in 4 years at the rate of simple interest. What is the rate of interest?",3%,4%,5%,6%,D
"
An automobile financier claims to be lending money at simple interest, but he includes the interest every six months for calculating the principal. If he is charging an interest of 10%, the effective rate of interest becomes:
",None of these,10%,10.25%,10.5%,B
"
A lent Rs. 5000 to B for 2 years and Rs. 3000 to C for 4 years on simple interest at the same rate of interest and received Rs. 2200 in all from both of them as interest. The rate of interest per annum is:
",None of these,5%,7%,"
",D
"A sum of Rs. 725 is lent in the beginning of a year at a certain rate of interest. After 8 months, a sum of Rs. 362.50 more is lent but at the rate twice the former. At the end of the year, Rs. 33.50 is earned as interest from both the loans. What was the original rate of interest?","
",10%,3.6%,4.5%,E
"A man took loan from a bank at the rate of 12% p.a. simple interest. After 3 years he had to pay Rs. 5400 interest only for the period. The principal amount borrowed by him was:
",5%,6%,None of these,Rs. 2000,C
"
What is the unit digit in the product (3",1,2,4,6,C
65,1250,1300,1375,1200,D
 x 6,None of these,4242,4155,1123,B
59,11023,None of these,79698,80578,B
"
If (64)",70,120,180,140,D
2,None of these,32761,81225,42437,C
 - (36),20164,None of these,770,1155,C
2,1540,385 x 385,1130,578,B
 = 20 x ,565,1156,None of these,85,C
x,51.5,57.5,5.25,None of these,A
"
The sum of even numbers between 1 and 31 is:
",6,28,240,512,C
"
If the number 91876 * 2 is completely divisible by 8, then the smallest whole number in place of * will be:
",1,2,3,4,C
"
2056 x 987 = ?
",None of these,1936372,2029272,1896172,B
"
On multiplying a number by 7, the product is a number each of whose digits is 3. The smallest such number is:
",1926172,None of these,47619,47719,A
"
",48619,47649,80,100,B
"
 ",75,90,2 or 6,4,A
"
287 x 287 + 269 x 269 - 2 x 287 x 269 = ?
",280.875,None of these,534,446,D
"
3 + 33 + 333 + 3.33 = ?
",354,324,None of these,362.3,B
"
Which one of the following can't be the square of natural number ?
",372.33,702.33,702,None of these,D
"
(1000)",30976,75625,28561,143642,B
9,None of these,10000,1000,100,C
 x 7,80698,81268,2,3,A
71,4,5,2,3,C
")? 
",4,6,3883203,3893103,B
"
3251 + 587 + 369 - ? = 3007
",3639403,3791203,None of these,1,C
"
7589 - ? = 3434
",5,7,9,3,B
"217 x 217 + 183 x 183 = ?
",10,11,13,2400,A
", then ",1035,1280,2070,2140,A
x,37,333,111,84,D
" = ?
",None of these,1035,1245,1230,C
"
Which one of the following can't be the square of natural number ? 
",945,None of these,0,6993,B
"
     ",4 or 8,8,None of these,3,D
If 60% of,6,7,8,1,D
"
    ",3,7,9,586413,A
3,587523,614823,615173,214,A
"
 Which one of the following is a prime number ?
",161,221,373,437,C
"
The smallest 6 digit number exactly divisible by 111 is:
",None of these,111111,110011,100011,C
"
The largest 5 digit number exactly divisible by 91 is:
",110101,None of these,99921,99918,B
"
",99981,99971,None of these,1000,A
"
    ",536,500,268,None of these,B
768 x 768 x 768 + 232 x 232 x 232,1004,10004,10045,10025,A
"
397 x 397 + 104 x 104 + 2 x 397 x 104 = ?
",250001,251001,260101,261001,B
"
(35423 + 7164 + 41720) - (317 x 89) = ?
",28213,84307,50694,56094,D
"
(",None of these,"
"," is any natural number
","
",A
x," is an even natural number
","
"," is and odd natural number
","
",C
n," is prime
",181560,331145,202860,D
 - ,2033555,None of these,11,16,D
a,25,30,0 ,1,A
"
    ",None of these,8,9,10,D
= ?,11,7,"
4", + 6,C
"
","
","
", + ," + 4
",D
"
","
9", + 4,"
","
4",B
"
The difference of the squares of two consecutive even integers is divisible by which of the following integers ?
",3,4,6,7,B
"
Which one of the following is a prime number ?
",119,187,247,551,E
"
The sum all even natural numbers between 1 and 31 is:
",None of these,16,128,240,C
"
The difference between the place value and the face value of 6 in the numeral 856973 is
",512,973,6973,5994,C
"
If ",None of these, + , + , + 1,A
a, + 2,None of these,3572404,135792,D
 and ,913464,114345,None of these,16,B
b,24,20,18,22,D
" are odd numbers, then which of the following is even ?
",2525,2975,3225,3775,C
"
When a number is divided by 13, the remainder is 11. When the same number is divided by 17, then remainder is 9. What is the number ?
",339,349,369,Data inadequate,B
"
(51 + 52 + 53 + ... + 100) = ?
",2525,2975,3225,3775,D
n,2,3,"
","
",C
) is completely divisible by (,"
","
","
","
",D
x,"
","
",17,16,D
"
Which one of the following numbers is completely divisible by 99?
",3654316,3632646,3625216,3623436,B
(800 ÷ 64) x (1296 ÷ 36) = ?,420,460,500,540,E
"Which natural number is nearest to 8485, which is completely divisible by 75 ?",None of these,8475,8500,8550,A
"If the number 42573 * is exactly divisible by 72, then the minimum value of * is:
",8525,None of these,4,5,C
"
Which of the following numbers is divisible by each one of 3, 7, 9 and 11 ?
",6,7,8,639,B
"Which natural number is nearest to 9217, which is completely divisible by 88 ?",2079,3791,37911,None of these,B
"
(4300731) - ? = 2535618
",9152,9240,9064,9184,C
"
",None of these,1865113,1775123,1765113,B
n,1675123,None of these,3,2,D
"
476 ** 0 is divisible by both 3 and 11. The non-zero digits in the hundred's and ten's places are respectively:
",7 and 4,7 and 5,8 and 5,None of these,C
"
If the number 97215 * 6 is completely divisible by 11, then the smallest whole number in place of * will be:
",3,2,1,5,A
(11,None of these,385,2485,2870,B
"
On dividing a number by 357, we get 39 as remainder. On dividing the same number 17, what will be the remainder ?
",0,3,5,11,C
"
If the product 4864 x 9 P 2 is divisible by 12, then the value of P is:
",2,5,6,8,E
Which one of the following is the common factor of (47,None of these,(47 - 43),(47 + 43),(47,B
43, + 43,),None of these,2436,D
 + 43,2801,-2801,-2071,None of these,A
43,1,2,8,11,D
) and (47,24,144,292,584,D
"
On dividing a number by 5, we get 3 as remainder. What will the remainder when the square of the this number is divided by 5 ?
",0,1,2,4,D
"
How many 3-digit numbers are completely divisible 6 ?
",149,150,151,166,B
"How many natural numbers are there between 23 and 100 which are exactly divisible by 6 ?
",8,11,12,13,D
How many of the following numbers are divisible by 3 but not by 9 ?,None of these,5,6,7,B
"
2133, 2343, 3474, 4131, 5286, 5340, 6336, 7347, 8115, 9276",None of these,1449,497,2,C
"
",4,None of these,149,150,B
"
    ",151,166,10,11,A
Which of the following number is divisible by 24 ?,35718,63810,537804,3125736,D
"
","
"," 
","
"," 
",A
"
","
"," 
",None of these,34748,B
"
    ",27474,30154,27574,None of these,D
2,3255,2,3,6,A
 + 12,7,8,14,46,A
2,50,"
","
","
",D
 + 13,"
","
","
","
",B
2,"
",None of these,None of these,10,A
 + ... + 20,11,12,13,553681,C
2,555181,555681,556581,16,B
47,4236,4306,4336,5336,B
 + 43,None of these,"
","
","
",C
47,"
","
","
","
",C
"
5358 x 51 = ?
",273258,273268,273348,273358,A
The sum of first five prime numbers is:,11,18,26,28,D
(963 + 476),12,15,5426,5706,C
2,5526,5476,None of these,1,B
 + (963 - 476),2,3,4,88888888,B
753 x 753 + 247 x 247 - 753 x 247,2,5,6,7,D
"
    ",None of these,75142,64851,5149,C
= ?,69993,None of these,4,5,B
"
",6,7,6 only,6 and 12 both,B
"
",12 only ,by 18 only,19578,19418,C
"
     ",20098,21908,None of these,1,C
"
The difference of two numbers is 1365. On dividing the larger number by the smaller, we get 6 as quotient and the 15 as remainder. What is the smaller number ?
",240,270,295,360,B
(12),5184,5060,5148,5084,A
3,None of these,725117481,674217481,685126481,A
 x 6,696217481,None of these,0 ,1,C
4,2,None of these,101,103,A
 ÷ 432 = ?,109,113,235641,245642,D
72519 x 9999 = ?,315624,415624,63650,53760,A
"If the number 517*324 is completely divisible by 3, then the smallest whole number in the place of * will be:",59640,61560,None of these,1035,A
"
On selling 17 balls at Rs. 720, there is a loss equal to the cost price of 5 balls. The cost price of a ball is:
",Rs. 45,Rs. 50,Rs. 55,Rs. 60,D
"
When a plot is sold for Rs. 18,700, the owner loses 15%. At what price must that plot be sold in order to gain 15%?
","Rs. 21,000","Rs. 22,500","Rs. 25,300","Rs. 25,800",C
100 oranges are bought at the rate of Rs. 350 and sold at the rate of Rs. 48 per dozen. The percentage of profit or loss is:,15% gain,15 % loss,"
","
",A
"
A shopkeeper sells one transistor for Rs. 840 at a gain of 20% and another for Rs. 960 at a loss of 4%. His total gain or loss percent is:
","
","
","
","
",B
"
A trader mixes 26 kg of rice at Rs. 20 per kg with 30 kg of rice of other variety at Rs. 36 per kg and sells the mixture at Rs. 30 per kg. His profit percent is:
",None of these,"No profit, no loss",5%,8%,B
The percentage profit earned by selling an article for Rs. 1920 is equal to the percentage loss incurred by selling the same article for Rs. 1280. At what price should the article be sold to make 25% profit?,Rs. 2000,Rs. 2200,Rs. 2400,Data inadequate,A
"A shopkeeper expects a gain of 22.5% on his cost price. If in a week, his sale was of Rs. 392, what was his profit?",Rs. 18.20,Rs. 70,Rs. 72,Rs. 88.25,C
A man buys a cycle for Rs. 1400 and sells it at a loss of 15%. What is the selling price of the cycle?,Rs. 1090,Rs. 1160,Rs. 1190,Rs. 1202,C
Sam purchased 20 dozens of toys at the rate of Rs. 375 per dozen. He sold each one of them at the rate of Rs. 33. What was his percentage profit?,3.5,4.5,5.6,6.5,C
"
Three candidates contested an election and received 1136, 7636 and 11628 votes respectively. What percentage of the total votes did the winning candidate get?
",57%,60%,65%,90%,A
"Two tailors X and Y are paid a total of Rs. 550 per week by their employer. If X is paid 120 percent of the sum paid to Y, how much is Y paid per week?",Rs. 200,Rs. 250,Rs. 300,None of these,B
"Gauri went to the stationers and bought things worth Rs. 25, out of which 30 paise went on sales tax on taxable purchases. If the tax rate was 6%, then what was the cost of the tax free items?
",Rs. 15,Rs. 15.70,Rs. 19.70,Rs. 20,C
"Rajeev buys good worth Rs. 6650. He gets a rebate of 6% on it. After getting the rebate, he pays sales tax @ 10%. Find the amount he will have to pay for the goods.",Rs. 6876.10,Rs. 6999.20,Rs. 6654,Rs. 7000,A
"
The population of a town increased from 1,75,000 to 2,62,500 in a decade. The average percent increase of population per year is:
",4.37%,5%,6%,8.75%,B
"
If 20% of  ",4% of ,5% of ,20% of ,None of these,A
a,72,80,120,150,E
 = ,100,2 : 3,1 : 1,3 : 4,D
b,4 : 3,34%,44%,54%,D
", then ",64%,2700,2900,3000,A
"
The calendar for the year 2007 will be the same for the year:
",2014,2016,2017,2018,D
"
Which of the following is not a leap year?
",700,800,1200,2000,A
"
On 8",Sunday,Thursday,Tuesday,Friday,D
th,Monday,Wednesday,Thursday,Sunday,C
" Dec, 2007 Saturday falls. What day of the week was it on 8",Monday,Tuesday,Wednesday,Sunday,B
If 6,Sunday,Saturday,Tuesday,Wednesday,A
th,1,", 8",", 15",", 22",D
" March, 2005 is Monday,",", 29",2,", 9",", 16",B
 what was the day of the week on 6,", 23",", 30",3,", 10",C
th,", 17",", 24",4,", 11",C
"
The average weight of A, B and C is 45 kg. If the average weight of A and B be 40 kg and that of B and C be 43 kg, then the weight of B is:
",17 kg,20 kg,26 kg,31 kg,D
"
The average weight of 16 boys in a class is 50.25 kg and that of the remaining 8 boys is 45.15 kg. Find the average weights of all the boys in the class.
",47.55 kg,48 kg,48.55 kg,49.25 kg,C
"
A library has an average of 510 visitors on Sundays and 240 on other days. The average number of visitors per day in a month of 30 days beginning with a Sunday is:
",250,276,280,285,D
"
If the average marks of three batches of 55, 60 and 45 students respectively is 50, 55, 60, then the average marks of all the students is:
",53.33,54.68,55,None of these,B
A pupil's marks were wrongly entered as 83 instead of 63. Due to that the average marks for the class got increased by half (1/2). The number of pupils in the class is:,10,20,40,73,C
"
The captain of a cricket team of 11 members is 26 years old and the wicket keeper is 3 years older. If the ages of these two are excluded, the average age of the remaining players is one year less than the average age of the whole team. What is the average age of the team?
",23 years,24 years,25 years,None of these,A
"
The average monthly income of P and Q is Rs. 5050. The average monthly income of Q and R is Rs. 6250 and the average monthly income of P and R is Rs. 5200. The monthly income of P is:
",3500,4000,4050,5000,B
"
The average age of husband, wife and their child 3 years ago was 27 years and that of wife and the child 5 years ago was 20 years. The present age of the husband is:
",35 years,40 years,50 years,None of these,B
"A car owner buys petrol at Rs.7.50, Rs. 8 and Rs. 8.50 per litre for three successive years. What approximately is the average cost per litre of petrol if he spends Rs. 4000 each year?",Rs. 7.98,Rs. 8,Rs. 8.50,Rs. 9,A
"In Arun's opinion, his weight is greater than 65 kg but less than 72 kg. His brother doest not agree with Arun and he thinks that Arun's weight is greater than 60 kg but less than 70 kg. His mother's view is that his weight cannot be greater than 68 kg. If all are them are correct in their estimation, what is the average of different probable weights of Arun?",67 kg.,68 kg.,69 kg.,Data inadequate,A
"
The curved surface area of a cylindrical pillar is 264 m",3 : 7,7 : 3,6 : 7,7 : 6,B
2,90 cm,1 dm,1 m,1.1 cm,B
 and its volume is  924 m,344.35 cm,462 cm,498.35 cm,None of these,C
3,2 : 1,3 : 2,25 : 18,27 : 20,C
". Find the ratio of its diameter to its height.
",5600,6000,6400,7200,C
"
A boat having a length 3 m and breadth 2 m is floating on a lake. The boat sinks by 1 cm when a man gets on it. The mass of the man is:
",12 kg,60 kg,72 kg,96 kg,B
"
50 men took a dip in a water tank 40 m long and 20 m broad on a religious day. If the average displacement of water by a man is 4 m",20 cm,25 cm,35 cm,50 cm,B
3,30, m,40, m,C
", then the rise in the water level in the tank will be:
",60, m,80, m,A
"
The slant height of a right circular cone is 10 m and its height is 8 m. Find the area of its curved surface.
",49 m,50 m,53.5 m,55 m,B
