Name,Price,Off,Rating
"Realme C2 ( 16 GB ROM, 2 GB RAM ) Online at Best Price On Flipkart.com","5,999",14% off,4.4
"Realme C2 ( 16 GB ROM, 2 GB RAM ) Online at Best Price On Flipkart.com","5,999",14% off,4.4
"Samsung Galaxy J6 ( 64 GB ROM, 4 GB RAM ) Online at Best Price On Flipkart.com","9,490",26% off,4.5
"GreenBerry M3 Edition X ( 256 GB ROM, 256 GB RAM ) Online at Best Price On Flipkart.com","2,899",42% off,2.9
"Samsung Galaxy J6 ( 64 GB ROM, 4 GB RAM ) Online at Best Price On Flipkart.com","9,490",26% off,4.5
"Mi Redmi Note 7 Pro ( 64 GB ROM, 4 GB RAM ) Online at Best Price On Flipkart.com","13,999",12% off,4.5
"Vivo Z1Pro ( 64 GB ROM, 4 GB RAM ) Online at Best Price On Flipkart.com","14,990",6% off,4.5
"Vivo Z1Pro ( 64 GB ROM, 4 GB RAM ) Online at Best Price On Flipkart.com","14,990",6% off,4.5
"Vivo Z1Pro ( 64 GB ROM, 6 GB RAM ) Online at Best Price On Flipkart.com","16,990",5% off,4.5
"Vivo Z1Pro ( 64 GB ROM, 6 GB RAM ) Online at Best Price On Flipkart.com","16,990",5% off,4.5
"Vivo Z1Pro ( 128 GB ROM, 6 GB RAM ) Online at Best Price On Flipkart.com","17,990",14% off,4.5
"Vivo Z1Pro ( 128 GB ROM, 6 GB RAM ) Online at Best Price On Flipkart.com","17,990",14% off,4.5
"Mi Redmi Note 7 Pro ( 64 GB ROM, 4 GB RAM ) Online at Best Price On Flipkart.com","13,999",12% off,4.5
"GreenBerry GB 1282 ( 34.5 GB ROM, 256 GB RAM ) Online at Best Price On Flipkart.com",799,11% off,3.2
"Mi Redmi 7A ( 32 GB ROM, 2 GB RAM ) Online at Best Price On Flipkart.com","6,199",11% off,4.5
"Mi Redmi 7A ( 32 GB ROM, 2 GB RAM ) Online at Best Price On Flipkart.com","6,199",11% off,4.5
"Mi Redmi Note 7 Pro ( 64 GB ROM, 4 GB RAM ) Online at Best Price On Flipkart.com","13,999",12% off,4.5
"Realme 3 ( 32 GB ROM, 3 GB RAM ) Online at Best Price On Flipkart.com","8,999",18% off,4.5
"Realme 3 ( 64 GB ROM, 3 GB RAM ) Online at Best Price On Flipkart.com","9,999",16% off,4.5
"Niamia Cad 3 ( 32 GB ROM, 32 GB RAM ) Online at Best Price On Flipkart.com",999,,3.5
"Realme 3 ( 32 GB ROM, 3 GB RAM ) Online at Best Price On Flipkart.com","8,999",18% off,4.5
"Realme 3i ( 32 GB ROM, 3 GB RAM ) Online at Best Price On Flipkart.com","7,999",11% off,4.5
"Realme 3i ( 64 GB ROM, 4 GB RAM ) Online at Best Price On Flipkart.com","9,999",9% off,4.4
"Nokia 3310 DS ( 16 GB ROM, 0 GB RAM ) Online at Best Price On Flipkart.com","3,310",8% off,3.7
"Mi Redmi Note 6 Pro ( 64 GB ROM, 4 GB RAM ) Online at Best Price On Flipkart.com","11,999",25% off,4.5
